{"credit":"Made with Blockbench","parent":"1","textures":{"0":"new_create:item/carbon_rod","particle":"new_create:item/carbon_rod"},"elements":[{"from":[7,3,7],"to":[9,13,9],"rotation":{"angle":0,"axis":"y","origin":[0,0,2]},"faces":{"north":{"uv":[0,0,2,10],"texture":"#0"},"east":{"uv":[2,0,4,10],"texture":"#0"},"south":{"uv":[4,0,6,10],"texture":"#0"},"west":{"uv":[6,0,8,10],"texture":"#0"},"up":{"uv":[10,2,8,0],"texture":"#0"},"down":{"uv":[10,2,8,4],"texture":"#0"}}}],"display":{"thirdperson_righthand":{"translation":[0,3,1.25]},"thirdperson_lefthand":{"translation":[0,3,1.25]},"firstperson_righthand":{"rotation":[0,-90,25],"translation":[1.13,3.2,1.13],"scale":[0.68,0.68,0.68]},"firstperson_lefthand":{"rotation":[0,-90,25],"translation":[1.13,3.2,1.13],"scale":[0.68,0.68,0.68]},"ground":{"translation":[0,2,0],"scale":[0.5,0.5,0.5]},"gui":{"rotation":[30,225,0],"scale":[1.25,1.25,1.25]},"head":{"rotation":[0,180,0],"translation":[0,13,7]},"fixed":{"rotation":[0,180,0]}}}