{"credit":"Made with Blockbench","parent":"minecraft:item/generated","textures":{"layer0":"new_create:item/flint_handaxe"},"display":{"thirdperson_righthand":{"rotation":[-42,-90,0],"translation":[0,1.5,0.5],"scale":[0.85,0.85,0.85]},"thirdperson_lefthand":{"rotation":[0,90,-55],"translation":[0,4,0.5],"scale":[0.85,0.85,0.85]},"firstperson_righthand":{"rotation":[0,-90,25],"translation":[1.13,3.2,1.13],"scale":[0.68,0.68,0.68]},"firstperson_lefthand":{"rotation":[0,90,-25],"translation":[1.13,3.2,1.13],"scale":[0.68,0.68,0.68]},"ground":{"translation":[0,2,0],"scale":[0.5,0.5,0.5]},"head":{"rotation":[0,180,0],"translation":[0,13,7]},"fixed":{"rotation":[0,180,0]}}}