{"credit":"Made with Blockbench","parent":"create:block/large_wheels","texture_size":[32,32],"textures":{"particle":"create:block/cogwheel","1_2":"create:block/cogwheel"},"elements":[{"from":[-1,6.5,6.5],"to":[17,9.5,9.5],"faces":{"north":{"uv":[7,8,16,9.5],"texture":"#1_2"},"east":{"uv":[5,8,6.5,9.5],"texture":"#1_2"},"south":{"uv":[7,8,16,9.5],"texture":"#1_2"},"west":{"uv":[5,8,6.5,9.5],"texture":"#1_2"},"up":{"uv":[7,6,16,7.5],"texture":"#1_2"},"down":{"uv":[7,6,16,7.5],"texture":"#1_2"}}},{"from":[-1,6.5,6.5],"to":[17,9.5,9.5],"rotation":{"angle":45,"axis":"y","origin":[8,8,8]},"faces":{"north":{"uv":[7,8,16,9.5],"texture":"#1_2"},"east":{"uv":[5,8,6.5,9.5],"texture":"#1_2"},"south":{"uv":[7,8,16,9.5],"texture":"#1_2"},"west":{"uv":[5,8,6.5,9.5],"texture":"#1_2"},"up":{"uv":[7,6,16,7.5],"texture":"#1_2"},"down":{"uv":[7,6,16,7.5],"texture":"#1_2"}}},{"from":[-1,6.5,6.5],"to":[17,9.5,9.5],"rotation":{"angle":-45,"axis":"y","origin":[8,8,8]},"faces":{"north":{"uv":[7,8,16,9.5],"texture":"#1_2"},"east":{"uv":[5,8,6.5,9.5],"texture":"#1_2"},"south":{"uv":[7,8,16,9.5],"texture":"#1_2"},"west":{"uv":[5,8,6.5,9.5],"texture":"#1_2"},"up":{"uv":[7,6,16,7.5],"texture":"#1_2"},"down":{"uv":[7,6,16,7.5],"texture":"#1_2"}}},{"from":[6.5,6.5,-1],"to":[9.5,9.5,17],"faces":{"north":{"uv":[5,8,6.5,9.5],"texture":"#1_2"},"east":{"uv":[7,8,16,9.5],"texture":"#1_2"},"south":{"uv":[5,8,6.5,9.5],"texture":"#1_2"},"west":{"uv":[7,8,16,9.5],"texture":"#1_2"},"up":{"uv":[7,6,16,7.5],"rotation":90,"texture":"#1_2"},"down":{"uv":[7,6,16,7.5],"rotation":90,"texture":"#1_2"}}},{"from":[2,6.55,2],"to":[14,9.45,14],"faces":{"north":{"uv":[0,6,6,7.5],"texture":"#1_2"},"east":{"uv":[0,6,6,7.5],"texture":"#1_2"},"south":{"uv":[0,6,6,7.5],"texture":"#1_2"},"west":{"uv":[0,6,6,7.5],"texture":"#1_2"},"up":{"uv":[4,0,10,6],"texture":"#1_2"},"down":{"uv":[4,0,10,6],"texture":"#1_2"}}},{"from":[4,6,4],"to":[12,10,12],"faces":{"north":{"uv":[0,4,4,6],"texture":"#1_2"},"east":{"uv":[0,4,4,6],"texture":"#1_2"},"south":{"uv":[0,4,4,6],"texture":"#1_2"},"west":{"uv":[0,4,4,6],"texture":"#1_2"},"up":{"uv":[0,0,4,4],"texture":"#1_2"},"down":{"uv":[0,0,4,4],"texture":"#1_2"}}}]}