{"credit":"Made with Blockbench","textures":{"0":"new_create:item/primary_bearing","particle":"new_create:item/primary_bearing"},"elements":[{"from":[6,0,6],"to":[10,16,10],"faces":{"north":{"uv":[0,0,4,16],"rotation":180,"texture":"#0"},"east":{"uv":[0,0,4,16],"texture":"#0"},"south":{"uv":[0,0,4,16],"texture":"#0"},"west":{"uv":[4,0,0,16],"rotation":180,"texture":"#0"},"up":{"uv":[9,1,5,5],"rotation":180,"texture":"#0"},"down":{"uv":[5,1,9,5],"texture":"#0"}}}],"display":{"thirdperson_righthand":{"rotation":[75,45,0],"translation":[0,2.5,0],"scale":[0.375,0.375,0.375]},"thirdperson_lefthand":{"rotation":[75,45,0],"translation":[0,2.5,0],"scale":[0.375,0.375,0.375]},"firstperson_righthand":{"rotation":[0,45,0],"scale":[0.4,0.4,0.4]},"firstperson_lefthand":{"rotation":[0,225,0],"scale":[0.4,0.4,0.4]},"ground":{"translation":[0,3,0],"scale":[0.25,0.25,0.25]},"gui":{"rotation":[30,225,0],"scale":[0.625,0.625,0.625]},"fixed":{"scale":[0.5,0.5,0.5]}}}