{
	"type": "minecraft:block",
	"pools": [
		{
			"rolls": 1.0,
			"bonus_rolls": 0.0,
			"entries": [
				{
					"type": "minecraft:alternatives",
					"children": [
						{
							"type": "minecraft:item",
							"conditions": [
								{
									"condition": "minecraft:match_tool",
									"predicate": {
										"enchantments": [
											{
												"enchantment": "minecraft:silk_touch",
												"levels": {
													"min": 1
												}
											}
										]
									}
								}
							],
							"name": "caupona:fig_log"
						},
						{
							"type": "minecraft:item",
							"functions": [
								{
									"function": "minecraft:set_count",
									"count": {
										"type": "minecraft:uniform",
										"min": 2.0,
										"max": 4.0
									},
									"add": false
								},
								{
									"function": "minecraft:explosion_decay"
								}
							],
							"name": "minecraft:stick"
						}
					]
				}
			]
		}
	]
}