{
	"type": "minecraft:block",
	"pools": [
		{
			"rolls": 1.0,
			"bonus_rolls": 0.0,
			"entries": [
				{
					"type": "minecraft:item",
					"conditions": [
						{
							"condition": "minecraft:survives_explosion"
						},
						{
							"condition": "minecraft:table_bonus",
							"enchantment": "minecraft:fortune",
							"chances": [
								0.01,
								0.0125,
								0.01666667,
								0.02222222,
								0.03333333
							]
						}
					],
					"name": "minecraft:slime_ball"
				}
			]
		}
	],
	"functions": [
		{
			"function": "minecraft:explosion_decay"
		}
	]
}