{
	"type": "minecraft:block",
	"pools": [
		{
			"rolls": 1.0,
			"bonus_rolls": 0.0,
			"entries": [
				{
					"type": "minecraft:item",
					"name": "caupona:wolfberries"
				}
			],
			"conditions": [
				{
					"condition": "minecraft:block_state_property",
					"block": "caupona:wolfberry_fruits",
					"properties": {
						"age": {
							"min": "1",
							"max": "4"
						}
					}
				}
			]
		},
		{
			"rolls": 1.0,
			"bonus_rolls": 0.0,
			"entries": [
				{
					"type": "minecraft:item",
					"name": "caupona:fresh_wolfberry_leaves"
				}
			],
			"conditions": [
				{
					"condition": "minecraft:block_state_property",
					"block": "caupona:wolfberry_fruits",
					"properties": {
						"age": {
							"min": "1",
							"max": "2"
						}
					}
				}
			]
		},
		{
			"rolls": 1.0,
			"bonus_rolls": 0.0,
			"entries": [
				{
					"type": "minecraft:item",
					"functions": [
						{
							"function": "minecraft:apply_bonus",
							"enchantment": "minecraft:fortune",
							"formula": "minecraft:binomial_with_bonus_count",
							"parameters": {
								"extra": 3,
								"probability": 0.4285714
							}
						}
					],
					"name": "caupona:wolfberries"
				}
			],
			"conditions": [
				{
					"condition": "minecraft:block_state_property",
					"block": "caupona:wolfberry_fruits",
					"properties": {
						"age": "4"
					}
				}
			]
		}
	],
	"functions": [
		{
			"function": "minecraft:explosion_decay"
		}
	]
}