{
  "parent": "minecraft:recipes/root",
  "criteria": {
    "has_clay": {
      "conditions": {
        "items": [
          {
            "items": [
              "minecraft:clay_ball"
            ]
          }
        ]
      },
      "trigger": "minecraft:inventory_changed"
    },
    "has_the_recipe": {
      "conditions": {
        "recipe": "caupona:clay_cistern"
      },
      "trigger": "minecraft:recipe_unlocked"
    }
  },
  "requirements": [
    [
      "has_clay",
      "has_the_recipe"
    ]
  ],
  "rewards": {
    "recipes": [
      "caupona:clay_cistern"
    ]
  },
  "sends_telemetry_event": false
}