{
  "type": "minecraft:chest",
  "pools": [
    {
      "bonus_rolls": 0.0,
      "conditions": [
        {
          "chance": 0.2,
          "condition": "minecraft:random_chance"
        }
      ],
      "entries": [
        {
          "type": "minecraft:item",
          "name": "caupona:asses"
        }
      ],
      "functions": [
        {
          "add": false,
          "count": {
            "type": "minecraft:uniform",
            "max": 5.0,
            "min": 1.0
          },
          "function": "minecraft:set_count"
        }
      ],
      "rolls": 1.0
    }
  ],
  "random_sequence": "caupona:asses"
}