{
	"credit": "Made with Blockbench",
	"parent": "coking_coal_rod",
	"textures": {
		"1": "kubejs:item/coking_coal_rod",
		"particle": "kubejs:item/coking_coal_rod"
	},
	"elements": [
		{
			"from": [7, 0, 7],
			"to": [9, 11, 9],
			"faces": {
				"north": {"uv": [0, 0, 2, 11], "texture": "#1"},
				"east": {"uv": [2, 0, 4, 11], "texture": "#1"},
				"south": {"uv": [4, 0, 6, 11], "texture": "#1"},
				"west": {"uv": [6, 0, 8, 11], "texture": "#1"},
				"up": {"uv": [10, 2, 8, 0], "texture": "#1"},
				"down": {"uv": [10, 2, 8, 4], "texture": "#1"}
			}
		}
	],
	"display": {
		"thirdperson_righthand": {
			"translation": [0, 4, 2]
		},
		"thirdperson_lefthand": {
			"translation": [0, 4, 2]
		},
		"firstperson_righthand": {
			"translation": [0, 4, 0]
		},
		"firstperson_lefthand": {
			"translation": [0, 4, 0]
		},
		"ground": {
			"translation": [0.25, 0.25, -0.25],
			"scale": [0.5, 0.5, 0.5]
		},
		"gui": {
			"rotation": [36.5, 45.5, 0],
			"translation": [0, 2, 0]
		},
		"head": {
			"translation": [0, 8, 0]
		},
		"fixed": {
			"translation": [0, 2.5, 0]
		}
	}
}