{"credit":"Made with Blockbench","texture_size":[32,32],"textures":{"3":"new_create:block/culture_bin/bin_top","particle":"new_create:block/culture_bin/culture_bin"},"elements":[{"from":[0,2,0],"to":[16,16,16],"faces":{"north":{"uv":[0,0,8,7],"texture":"#particle"},"east":{"uv":[0,0,8,7],"texture":"#particle"},"south":{"uv":[0,0,8,7],"texture":"#particle"},"west":{"uv":[0,0,8,7],"texture":"#particle"},"up":{"uv":[0,8,8,16],"texture":"#particle"},"down":{"uv":[0,8,8,16],"texture":"#particle"}}},{"from":[2,0,2],"to":[14,2,14],"faces":{"north":{"uv":[1,7,7,8],"texture":"#particle"},"east":{"uv":[1,7,7,8],"texture":"#particle"},"south":{"uv":[1,7,7,8],"texture":"#particle"},"west":{"uv":[1,7,7,8],"texture":"#particle"},"down":{"uv":[9,9,15,15],"texture":"#particle"}}},{"from":[2,13,2],"to":[14,15,14],"faces":{"up":{"uv":[6,6,0,0],"texture":"#3"},"down":{"uv":[6,0,0,6],"texture":"#3"}}},{"from":[1.95,16,1.95],"to":[14.05,2,14.05],"faces":{"north":{"uv":[9,0,15,7],"rotation":180,"texture":"#particle"},"east":{"uv":[9,0,15,7],"rotation":180,"texture":"#particle"},"south":{"uv":[9,0,15,7],"rotation":180,"texture":"#particle"},"west":{"uv":[9,0,15,7],"rotation":180,"texture":"#particle"},"up":{"uv":[9,9,15,15],"rotation":90,"texture":"#particle"}}}],"display":{"thirdperson_righthand":{"rotation":[75,45,0],"translation":[0,2.5,0],"scale":[0.375,0.375,0.375]},"thirdperson_lefthand":{"rotation":[75,45,0],"translation":[0,2.5,0],"scale":[0.375,0.375,0.375]},"firstperson_righthand":{"rotation":[0,45,0],"scale":[0.4,0.4,0.4]},"firstperson_lefthand":{"rotation":[0,225,0],"scale":[0.4,0.4,0.4]},"ground":{"translation":[0,3,0],"scale":[0.25,0.25,0.25]},"gui":{"rotation":[30,225,0],"scale":[0.625,0.625,0.625]},"fixed":{"scale":[0.5,0.5,0.5]}},"groups":[{"name":"culture_bin","origin":[8,8,8],"color":0,"children":[0,1,2,3]}]}