{
	"type": "caupona:dolium",
	"items": [
		{
			"item": {
				"item": "minecraft:sand"
			},
			"count": 8
		},
		{
			"item": [
				{
					"item": "minecraft:calcite"
				},
				{
					"item": "minecraft:dead_tube_coral_block"
				},
				{
					"item": "minecraft:dead_brain_coral_block"
				},
				{
					"item": "minecraft:dead_bubble_coral_block"
				},
				{
					"item": "minecraft:dead_fire_coral_block"
				},
				{
					"item": "minecraft:dead_horn_coral_block"
				}
			],
			"count": 4
		}
	],
	"fluid": "minecraft:water",
	"density": 0.0,
	"amount": 1000,
	"keepInfo": false,
	"output": {
		"type": "forge:nbt",
		"item": "minecraft:light_gray_concrete",
		"count": 16
	}
}